Playlist,,test,test,test,test,test,test,test,test
Sample,,2,3,4,5,6,7,8,9
Question,,default,default,default,default,default,default,default,default
2026-04-14 22:16,Ukázkovư test,#MISSING,#MISSING,#MISSING,#MISSING,#MISSING,#MISSING,#MISSING,#MISSING
2026-04-14 22:30,Ukázkovư test,#MISSING,#MISSING,#MISSING,#MISSING,#MISSING,#MISSING,#MISSING,#MISSING
2026-04-14 22:30,Ukázkovư test,#MISSING,#MISSING,#MISSING,#MISSING,#MISSING,#MISSING,#MISSING,#MISSING
2026-04-14 22:34,Ukázkovư test,#MISSING,#MISSING,#MISSING,#MISSING,#MISSING,#MISSING,#MISSING,#MISSING
2026-04-14 22:44,Ukázkovư test,#MISSING,#MISSING,#MISSING,#MISSING,#MISSING,#MISSING,#MISSING,#MISSING
2026-04-14 22:44,Ukázkovư test,#MISSING,#MISSING,#MISSING,#MISSING,#MISSING,#MISSING,#MISSING,#MISSING
2026-04-21 23:52,Ukázkovư test,#MISSING,#MISSING,#MISSING,#MISSING,#MISSING,#MISSING,#MISSING,#MISSING
2026-04-27 00:06,Ukázkovư test,#MISSING,#MISSING,#MISSING,#MISSING,#MISSING,#MISSING,#MISSING,#MISSING
2026-04-27 00:13,Example test,#MISSING,#MISSING,#MISSING,#MISSING,#MISSING,#MISSING,#MISSING,#MISSING
2026-04-27 00:14,Example test,#MISSING,#MISSING,#MISSING,#MISSING,#MISSING,#MISSING,#MISSING,#MISSING
2026-04-27 00:15,Example test,#MISSING,#MISSING,#MISSING,#MISSING,#MISSING,#MISSING,#MISSING,#MISSING
2026-04-27 00:16,Example test,#MISSING,#MISSING,#MISSING,#MISSING,#MISSING,#MISSING,#MISSING,#MISSING
2026-04-27 00:27,Ukázkovư test,#MISSING,#MISSING,#MISSING,#MISSING,#MISSING,#MISSING,#MISSING,#MISSING
2026-04-29 09:02,Example test,#MISSING,#MISSING,#MISSING,#MISSING,#MISSING,#MISSING,#MISSING,#MISSING
2026-04-29 14:14,Example test,#MISSING,#MISSING,#MISSING,#MISSING,#MISSING,#MISSING,#MISSING,#MISSING
2026-04-29 21:36,Example test,#MISSING,#MISSING,#MISSING,#MISSING,#MISSING,#MISSING,#MISSING,#MISSING
2026-05-04 08:59,Example test,1,2,#MISSING,#MISSING,3,#MISSING,#MISSING,1
2026-05-05 14:49,Example test,#MISSING,#MISSING,#MISSING,#MISSING,#MISSING,#MISSING,#MISSING,#MISSING
2026-05-10 10:31,Example test,#MISSING,#MISSING,#MISSING,#MISSING,#MISSING,#MISSING,#MISSING,#MISSING
2026-05-10 10:47,Example test,#MISSING,#MISSING,#MISSING,#MISSING,#MISSING,#MISSING,#MISSING,#MISSING
2026-05-12 21:54,Example test,#MISSING,#MISSING,#MISSING,#MISSING,#MISSING,#MISSING,#MISSING,#MISSING
